Datetime,Water Level (m)
2026-02-16 00:00:00,-0.94564784
2026-02-16 01:00:00,-0.8910238
2026-02-16 02:00:00,-0.41449592
2026-02-16 03:00:00,-0.06924471
2026-02-16 04:00:00,0.24590981
2026-02-16 05:00:00,0.34826878
2026-02-16 06:00:00,0.24376671
2026-02-16 07:00:00,-0.046874464
2026-02-16 08:00:00,-0.3311344
2026-02-16 09:00:00,-0.60080963
2026-02-16 10:00:00,-0.8044022
2026-02-16 11:00:00,-0.96960026
2026-02-16 12:00:00,-1.0685191
2026-02-16 13:00:00,-0.8491741
2026-02-16 14:00:00,-0.30945483
2026-02-16 15:00:00,0.118277386
2026-02-16 16:00:00,0.50748354
2026-02-16 17:00:00,0.6705552
2026-02-16 18:00:00,0.6286053
2026-02-16 19:00:00,0.33688626
2026-02-16 20:00:00,-0.012092657
2026-02-16 21:00:00,-0.33184448
2026-02-16 22:00:00,-0.5883039
2026-02-16 23:00:00,-0.78552675
2026-02-17 00:00:00,-0.9691354
2026-02-17 01:00:00,-1.069593
2026-02-17 02:00:00,-0.8095662
2026-02-17 03:00:00,-0.22826473
2026-02-17 04:00:00,0.16334757
2026-02-17 05:00:00,0.43146473
2026-02-17 06:00:00,0.433266
2026-02-17 07:00:00,0.19311316
2026-02-17 08:00:00,-0.14026274
2026-02-17 09:00:00,-0.43569654
2026-02-17 10:00:00,-0.68055826
2026-02-17 11:00:00,-0.8682586
2026-02-17 12:00:00,-1.0275865
2026-02-17 13:00:00,-1.0845876
2026-02-17 14:00:00,-0.6395585
2026-02-17 15:00:00,-0.1359093
2026-02-17 16:00:00,0.3651088
2026-02-17 17:00:00,0.7095947
2026-02-17 18:00:00,0.7903842
2026-02-17 19:00:00,0.618879
2026-02-17 20:00:00,0.20761774
2026-02-17 21:00:00,-0.13559082
2026-02-17 22:00:00,-0.44806528
2026-02-17 23:00:00,-0.6664817
2026-02-18 00:00:00,-0.86682165
2026-02-18 01:00:00,-1.0217606
2026-02-18 02:00:00,-1.0260484
2026-02-18 03:00:00,-0.39783236
2026-02-18 04:00:00,0.0503337
2026-02-18 05:00:00,0.44984767
2026-02-18 06:00:00,0.60923713
2026-02-18 07:00:00,0.5013573
2026-02-18 08:00:00,0.15187277
2026-02-18 09:00:00,-0.17781293
2026-02-18 10:00:00,-0.47600567
2026-02-18 11:00:00,-0.698914
2026-02-18 12:00:00,-0.8876333
2026-02-18 13:00:00,-1.0355607
2026-02-18 14:00:00,-0.996184
2026-02-18 15:00:00,-0.34505904
2026-02-18 16:00:00,0.13729322
2026-02-18 17:00:00,0.6272713
2026-02-18 18:00:00,0.8522224
2026-02-18 19:00:00,0.804027
2026-02-18 20:00:00,0.4526309
2026-02-18 21:00:00,0.06262165
2026-02-18 22:00:00,-0.27646804
2026-02-18 23:00:00,-0.54193753
2026-02-19 00:00:00,-0.7460928
2026-02-19 01:00:00,-0.9385325
2026-02-19 02:00:00,-1.0607567
2026-02-19 03:00:00,-0.7979779
2026-02-19 04:00:00,-0.14503393
2026-02-19 05:00:00,0.3135483
2026-02-19 06:00:00,0.6482206
2026-02-19 07:00:00,0.6857272
2026-02-19 08:00:00,0.43837932
2026-02-19 09:00:00,0.04946051
2026-02-19 10:00:00,-0.27159005
2026-02-19 11:00:00,-0.5501019
2026-02-19 12:00:00,-0.7502539
2026-02-19 13:00:00,-0.9345031
2026-02-19 14:00:00,-1.0484536
2026-02-19 15:00:00,-0.7501656
2026-02-19 16:00:00,-0.1373597
2026-02-19 17:00:00,0.3756225
2026-02-19 18:00:00,0.76560605
2026-02-19 19:00:00,0.8598584
2026-02-19 20:00:00,0.6635096
2026-02-19 21:00:00,0.23407301
2026-02-19 22:00:00,-0.11822906
2026-02-19 23:00:00,-0.43449184
2026-02-20 00:00:00,-0.65629697
2026-02-20 01:00:00,-0.8639963
2026-02-20 02:00:00,-1.030217
2026-02-20 03:00:00,-1.0707346
2026-02-20 04:00:00,-0.45401207
2026-02-20 05:00:00,0.04838806
2026-02-20 06:00:00,0.49732226
2026-02-20 07:00:00,0.7132783
2026-02-20 08:00:00,0.6391895
2026-02-20 09:00:00,0.28761226
2026-02-20 10:00:00,-0.061577056
2026-02-20 11:00:00,-0.37528202
2026-02-20 12:00:00,-0.61866564
2026-02-20 13:00:00,-0.8049686
2026-02-20 14:00:00,-0.96974325
2026-02-20 15:00:00,-0.999118
2026-02-20 16:00:00,-0.4173132
2026-02-20 17:00:00,0.07383288
2026-02-20 18:00:00,0.5520198
2026-02-20 19:00:00,0.79994607
2026-02-20 20:00:00,0.7606874
2026-02-20 21:00:00,0.420232
2026-02-20 22:00:00,0.03470772
2026-02-20 23:00:00,-0.30180824
2026-02-21 00:00:00,-0.5735833
2026-02-21 01:00:00,-0.7731796
2026-02-21 02:00:00,-0.967187
2026-02-21 03:00:00,-1.0809709
2026-02-21 04:00:00,-0.834886
2026-02-21 05:00:00,-0.19895162
2026-02-21 06:00:00,0.2621968
2026-02-21 07:00:00,0.63283384
2026-02-21 08:00:00,0.72994983
2026-02-21 09:00:00,0.56516635
2026-02-21 10:00:00,0.1842898
2026-02-21 11:00:00,-0.13765527
2026-02-21 12:00:00,-0.43485802
2026-02-21 13:00:00,-0.6429961
2026-02-21 14:00:00,-0.82455266
2026-02-21 15:00:00,-0.94669485
2026-02-21 16:00:00,-0.74214876
2026-02-21 17:00:00,-0.14875327
2026-02-21 18:00:00,0.29438856
2026-02-21 19:00:00,0.6567988
2026-02-21 20:00:00,0.7547032
2026-02-21 21:00:00,0.595175
2026-02-21 22:00:00,0.2043311
2026-02-21 23:00:00,-0.1304646
2026-02-22 00:00:00,-0.43946508
